Project Name,Exact Pattern,Rug-Pull Date,Project Type,Standard Type,Total Amount Lost
HyperVerse RugPull,Exit Scam,1.1.2022,Other,BEP-20,1300000000
Freeway,Blacklisting,10.23.2022,Yield Aggregator,ERC-20,60000000
Anubis DAO,Exit Scam,10.29.2021,Exchange (DEX),ERC-20,60000000
DEFI100,Exit Scam,5.23.2021,Stablecoin,ERC-20,32000000
Fintoch,Pre-Minting Tokens,5.22.2023,Token,BEP-20,31666317
Meerkat Finance,Proxy Pattern,3.4.2021,Yield Aggregator,BEP-20,30883780
Eth Contingency Exit cam,Exit Scam,11.8.2017,Other,ERC-20,25000000
Freedom Protocol | Raccoon Network,Blacklisting,7.19.2022,Gaming/Metaverse,BEP-20,20800000
Compounder Finance,Withdraw Tokens,12.1.2020,Borrowing and Lending,ERC-20,12326985
Arbix Finance,Owner Minting,1.4.2022,Yield Aggregator,BEP-20,10000000
BreedTech,Withdraw Tokens,5.29.2022,Other,ERC-20,9400000
AniMoon,Withdraw Tokens,6.2.2022,NFT,ERC-721,6300000
Safuu Protocol,Exit Scam,11.21.2022,Yield Aggregator,BEP-20,6073083
Friendsies,Exit Scam,2.21.2023,NFT,ERC-721,5300000
TEDDY DOGE,Pre-Minting Tokens,7.25.2022,Exchange (DEX),BEP-20,4500000
GMETA,Exit Scam,7.18.2023,Token,ERC-20,3675612
Wallstreetswap Finance,Withdraw Tokens,2.15.2021,Yield Aggregator,BEP-20,2905021
IDO rug pulls,Exit Scam,1.12.2022,Other,ERC-20,2661699
FCS,Withdraw Tokens,1.4.2023,Token,ERC-20,2588000
Evolved Apes,Withdraw Tokens,10.6.2021,NFT,ERC-721,2339031
Turtledex,Exit Scam,3.16.2021,Other,BEP-20,2324610
Fairmoon,Exit Scam,5.19.2021,Token,ERC-20,2300000
PopcornSwap,Exit Scam,1.28.2021,Exchange (DEX),BEP-20,2241690
IVY Token Rugpull,Exit Scam,10.16.2023,Token,ERC-20,1820319
DefiLabs Rugpull,Withdraw Tokens,7.27.2023,Token,ERC-20,1634351
SAGA Fake Token Rugpull,Pre-Minting Tokens,4.5.2024,Token,ERC-20,1600000
LV Metaverse,Pre-Minting Tokens,6.21.2022,Gaming/Metaverse,BEP-20,1500000
GROWTH DeFi,Exit Scam,2.8.2021,Yield Aggregator,ERC-20,1401772
OrdiZK exit sam,Exit Scam,3.5.2024,Token,ERC-20,1400000
CryptoBike,Pre-Minting Tokens,1.1.2022,Gaming/Metaverse,BEP-20,1400000
Day of Defeat,Withdraw Tokens,5.6.2022,Token,BEP-20,1350000
Safereum Token Rugpull,Exit Scam,10.24.2023,Token,ERC-20,1306583
LaserSwap Cash,Remove Liquidity,3.15.2021,Exchange (DEX),BEP-20,1280809
CheddaToken,Withdraw Tokens,4.19.2022,Token,ERC-20,1200000
Hunter Global,Remove Liquidity,5.8.2022,Exchange (DEX),BEP-20,1200000
HeroCat,Exit Scam,8.30.2022,NFT,BEP-20,1177347
IEGT Rugpull,Pre-Minting Tokens,7.22.2023,Token,ERC-20,1143772
USEA Token,Exit Scam,6.6.2023,Token,BEP-20,1114468
Fake Layer Zero Rugpull,Remove Liquidity,8.20.2023,Token,ERC-20,1045094
DecentraWorld,Pre-Minting Tokens,5.24.2022,Gaming \ Metaverse,BEP-20,1037288
Ordinals Finance,Pre-Minting Tokens,4.24.2023,Other,ERC-20,1015192
King Tribe,Pre-Minting Tokens,11.6.2022,NFT,BEP-20,997086
Harvest Keeper,Withdraw Tokens,3.17.2023,Yield Aggregator,BEP-20,929595
SudoRare,Withdraw Tokens,8.23.2022,NFT,ERC-20,883201
VPANDAO DAO,Withdraw Tokens,6.16.2023,Token,ERC-20,869463
Fake EigenLayer Rugpull,Remove Liquidity,10.2.2023,Token,ERC-20,821230
BitBot,Exit Scam,2.20.2021,Other,ERC-20,805001
TIGER,Exit Scam,9.23.2022,Token,ERC-20,784106
MERCenary,Owner Minting,1.26.2022,Gaming/Metaverse,BEP-20,760000
SAI Token Rugpull,Remove Liquidity,11.23.2023,Token,ERC-20,751627
RESDAO,Remove Liquidity,4.18.2023,Token,ERC-20,750000
Mother,Owner Minting,5.14.2023,Token,ERC-20,733883
Forest Tiger Pro,Exit Scam,7.13.2022,Gaming/Metaverse,BEP-20,732647
UniCat.farm,External Call Threat,9.24.2020,Exchange (DEX),ERC-20,713402
MetaPets,Exit Scam,11.18.2021,Gaming/Metaverse,ERC-20,708623
fcdep,Remove Liquidity,4.21.2023,Token,BEP-20,675000
Megabot Token Rugpull,Remove Liquidity,12.25.2023,Token,ERC-20,666219
Humanized_AI Exit Scam,Exit Scam,3.7.2024,Token,ERC-20,665000
BabyMUSK,Exit Scam,2.9.2022,Token,ERC-20,664910
WSB Coin,Hidden Mint,5.4.2023,Token,ERC-20,635000
Apache NFT Salesroom Rugpull,Exit Scam,8.3.2023,Token,BEP-20,617960
Boost Coin Rugpull,Withdraw Tokens,9.6.2023,Token,ERC-20,593267
Ocean Venture,Exit Scam,3.3.2023,Gaming/Metaverse,BEP-20,588000
XAI Token Rugpull,Exit Scam,1.9.2024,Token,ERC-20,580959
The Micro Elements,Remove Liquidity,10.11.2022,Token,ERC-20,573223
BitLord Rugpull,Remove Liquidity,8.5.2023,Token,ERC-20,566201
BNB HEROES,Remove Liquidity,1.17.2022,Gaming/Metaverse,BEP-20,561284
Serial Scammer,Exit Scam,7.1.2023,Token,ERC-20,547066
Kper Network,Owner Minting,10.31.2020,Other,ERC-20,541755
REALSWAK,Remove Liquidity,3.22.2022,NFT,BEP-20,526968
HUT,Exit Scam,8.20.2022,Token,ERC-20,509000
Flashmall Rugpull,Remove Liquidity,7.19.2023,Token,ERC-20,508350
Union Capital,Exit Scam,2.10.2021,Other,ERC-20,500000
DMC Token,Exit Scam,6.25.2022,Token,ERC-20,497386
CKD Token Rugpull,Exit Scam,12.5.2023,Token,ERC-20,485176
WanderVerse NFT,Withdraw Tokens,3.8.2022,NFT,ERC-721,484887
TWEETY-MEGA-FUMO,Remove Liquidity,6.26.2023,Token,ERC-20,484320
Fake Friend Tech Rug Pull,Remove Liquidity,8.19.2023,Token,ERC-20,456230
Xdef Finance,Owner Minting,1.5.2021,Yield Aggregator,ERC-20,449690
Fair Token,Exit Scam,11.10.2022,Token,ERC-20,428872
BGE,Pre-Minting Tokens,12.1.2022,Token,ERC-20,426892
Nut2Earn,Pre-Minting Tokens,8.16.2022,Token,ERC-20,410000
Fake EigenLayer Token Rugpull,Exit Scam,3.17.2024,Token,ERC-20,405000
Fake Polyhedra Network exit sam,Remove Liquidity,3.16.2024,Token,ERC-20,400000
HEGE Coin,Remove Liquidity,6.11.2022,Other,ERC-20,400000
Leverage X,Remove Liquidity,2.25.2021,Yield Aggregator,ERC-20,399855
Cezar Hard Fork,Hidden Mint,11.16.2022,Token,ERC-20,398748
Dollar,Remove Liquidity,9.26.2022,Token,ERC-20,382660
MetaFinanceDAO,Remove Liquidity,10.12.2022,Token,BEP-20,380300
DEFIBase,Exit Scam,12.11.2020,Yield Aggregator,ERC-20,378721
Linda Yaccarino,Exit Scam,5.14.2023,Token,ERC-20,374723
DR Token Rugpull,Remove Liquidity,12.15.2023,Token,ERC-20,370556
XSTABLE Protocol,Remove Liquidity,8.9.2022,Token,ERC-20,366975
Smurfs Coin,Exit Scam,6.13.2023,Token,ERC-20,365524
Hype Bet Finance,Remove Liquidity,11.30.2020,Gaming/Metaverse,ERC-20,363854
Miss Universe NFT,Exit Scam,12.12.2021,NFT,ERC-721,360000
Fake ether.fi Rug Pull,Remove Liquidity,3.14.2024,Token,ERC-20,354000
GHOSTP2E,Withdraw Tokens,4.1.2022,Gaming/Metaverse,BEP-20,346253
DUO Token RugPull,Remove Liquidity,9.23.2023,Token,ERC-20,334330
LV Finance,Hidden Mint,9.19.2020,Yield Aggregator,ERC-20,333987
WorldCoin Rug Pull,Remove Liquidity,7.24.2023,Token,ERC-20,330000
ROBIN HOOD Token Rug Pull,Remove Liquidity,7.18.2023,Token,ERC-20,313000
Cake Lock,Remove Liquidity,3.1.2021,Yield Aggregator,BEP-20,310654
LongNoseDog Rugpull,Remove Liquidity,1.18.2024,Token,BEP-20,309749
Tommy VICE CITY Rugpull,Remove Liquidity,8.4.2023,Token,ERC-20,308248
Rbase Finance,Remove Liquidity,1.21.2021,Yield Aggregator,ERC-20,307098
FileSystemVideo,Owner Minting,2.7.2022,Other,ERC-20,303625
Hu Tao Spirit Soother Rugpull,Remove Liquidity,7.29.2023,Token,ERC-20,299828
Fake Ethena Labs exit sam,Pre-Minting Tokens,3.29.2024,Token,ERC-20,290000
BJS Rug Pull,Remove Liquidity,7.13.2023,Token,ERC-20,290000
Plankton Plankton Rugpull,Remove Liquidity,8.6.2023,Token,ERC-20,288021
Metaland DAO,Exit Scam,1.7.2022,Other,ERC-20,286585
SCT Token,Exit Scam,6.6.2023,Token,ERC-20,286123
Project culs,Remove Liquidity,3.21.2023,Token,ERC-20,278442
Loo,Remove Liquidity,10.29.2022,Token,ERC-20,275117
Gandalf The Grey,Remove Liquidity,7.22.2023,Token,ERC-20,266238
Vip Panda Community,Remove Liquidity,6.19.2023,Token,ERC-20,265865
SherLock,Blacklisting,9.21.2022,Token,ERC-20,262175
TTTT,Remove Liquidity,11.17.2022,Token,ERC-20,261000
BNQ Token,Remove Liquidity,9.19.2022,Token,ERC-20,255675
FA Token Rug Pull,Withdraw Tokens,3.21.2024,Token,ERC-20,255000
PEHUB Rug Pull,Balance Manipulation,7.3.2023,Token,ERC-20,255000
Hachiko RugPull,Remove Liquidity,8.24.2023,Token,ERC-20,253702
Fake Lifeform Token,Hidden Mint,5.8.2024,Token,ERC-20,250000
GOAT,Remove Liquidity,5.9.2022,Token,ERC-20,250000
Gladiator Rugpull,Remove Liquidity,8.14.2023,Token,ERC-20,246180
ORE Token Rugpull,Remove Liquidity,2.26.2024,Token,ERC-20,243489
Popeye the Sailor Token Rug Pul,Remove Liquidity,7.23.2023,Token,ERC-20,241000
POKeFARM,Owner Minting,11.13.2020,Gaming/Metaverse,BEP-20,238435
Scooby Pepe Rugpull,Remove Liquidity,7.21.2023,Token,ERC-20,237583
DubaiCEO,Remove Liquidity,7.2.2023,Token,ERC-20,237272
STILTON Token Rugpull,Remove Liquidity,3.8.2023,Token,ERC-20,231904
ELongD Token Rugpull,Remove Liquidity,8.8.2021,Token,ERC-20,230455
Agent Smith Rug Pull,Remove Liquidity,7.13.2023,Token,ERC-20,226545
Satori Rugpull,Remove Liquidity,8.2.2023,Token,ERC-20,225765
DIABLO Token Rugpull,Remove Liquidity,12.6.2023,Token,ERC-20,225553
Shadetech,Remove Liquidity,3.17.2021,Other,ERC-20,224579
PAULY Rug Pull,Remove Liquidity,7.14.2023,Token,ERC-20,224000
Tetris Finance,Remove Liquidity,12.17.2020,Yield Aggregator,BEP-20,217507
Cubic Finance,Remove Liquidity,1.15.2021,Yield Aggregator,ERC-20,216694
NFTFlow,Withdraw Tokens,3.14.2022,NFT,ERC-721,216386
CIRCLE fake token rug pull,Remove Liquidity,8.11.2023,Token,ERC-20,216000
MMFinance,Exit Scam,8.13.2022,Token,ERC-20,215000
Brand New Quest Metaverse,Blacklisting,8.13.2022,Gaming/Metaverse,BEP-20,214122
Bep Finance,Exit Scam,3.16.2021,Yield Aggregator,BEP-20,212432
Santa Coin,Remove Liquidity,10.24.2022,Token,BEP-20,210893
Fake TIA Token 2,Remove Liquidity,1.11.2023,Token,ERC-20,208853
Elastic Staking,Owner Minting,1.26.2021,Yield Aggregator,ERC-20,208514
DeFi WZ Token,Remove Liquidity,11.7.2022,Token,ERC-20,207620
ArchWay Fake,Remove Liquidity,6.30.2023,Token,ERC-20,207371
ZETA Token Rugpull,Remove Liquidity,12.11.2023,Token,ERC-20,204746
ArenaPlayAPC,Pre-Minting Tokens,7.15.2022,Gaming/Metaverse,BEP-20,204259
SantaDAO,Exit Scam,10.26.2020,Other,ERC-20,203878
Bare Bear Rug Pull,Remove Liquidity,7.25.2023,Token,ERC-20,202000
Automated Assassins,Withdraw Tokens,6.3.2022,Gaming/Metaverse,ERC-721,202000
zkSync Copycat Rugpull,Remove Liquidity,7.28.2023,Token,ERC-20,201549
Hex Trust Token,Pre-Minting Tokens,3.2.2023,Token,ERC-20,200000
Not Found Token Rugpull,Pre-Minting Tokens,2.8.2024,Token,ERC-20,199927
DistX,Remove Liquidity,12.14.2020,Other,ERC-20,197818
DollarDoge,Pre-Minting Tokens,2.21.2022,Token,ERC-20,193703
NWT Token,Remove Liquidity,10.22.2022,Token,ERC-20,191468
Wettok Market,Owner Minting,7.22.2023,Other,ERC-20,189905
DMCToken(2),Remove Liquidity,10.10.2022,Token,ERC-20,189876
Magix,Remove Liquidity,12.25.2020,Other,ERC-20,188252
Fake MEME Token Rugpull,Remove Liquidity,10.26.2023,Token,ERC-20,188095
Astronaut NFT,Owner Minting,2.8.2021,NFT,BEP-20,187400
Toothless Token Rug Pull,Remove Liquidity,7.19.2023,Token,ERC-20,186000
BigFinance,Remove Liquidity,4.6.2023,Token,ERC-20,185200
Meta Apes,Owner Minting,6.11.2022,NFT,BEP-20,183151
Cover protocol rugpull,Remove Liquidity,11.27.2020,Other,ERC-20,182745
Shidao,Exit Scam,5.25.2022,Other,ERC-20,180000
WEB Token Rugpull,Remove Liquidity,11.23.2023,Token,BEP-20,178964
Helio Protocol Rugpull,Remove Liquidity,9.7.2023,Token,BEP-20,178277
Pak Revolution,Remove Liquidity,8.14.2022,Token,ERC-20,175184
DARK Token,Remove Liquidity,11.23.2023,Token,BEP-20,174334
Aspiring Cooperation Community Rugpull,Remove Liquidity,8.23.2023,Token,ERC-20,173462
Fake IPMB Token Rugpull,Remove Liquidity,11.23.2023,Token,BEP-20,172483
MIKE and SID Tokens,Pre-Minting Tokens,7.3.2023,Token,ERC-20,169652
Big Time Token Rugpull,External Call Threat,10.13.2023,Token,ERC-20,168699
Majin Buu Rugpull,Remove Liquidity,8.1.2023,Token,ERC-20,168213
Chessfarm.Tech,Withdraw Tokens,11.11.2020,Other,BEP-20,167772
SOMESING Token Rugpull,Pre-Minting Tokens,10.20.2023,Token,ERC-20,166715
MarbleXRugpull,External call threat,10.11.2023,Token,ERC-20,161784
LSD7 Token Rugpull,Pre-Minting Tokens,10.18.2023,Token,ERC-20,160866
Fake Celestia Token Rugpull,Pre-Minting Tokens,10.20.2023,Token,ERC-20,160731
Token Jigsaw saw you,Remove Liquidity,8.15.2023,Token,ERC-20,160000
ROACH RACE Token Rug Pull,Remove Liquidity,7.23.2023,Token,ERC-20,160000
Sport Move,Exit Scam,5.27.2022,Token,BEP-20,159685
SkyLands,Exit Scam,3.7.2022,Gaming/Metaverse,BEP-20,159136
BTDOG,Remove Liquidity,10.22.2022,Token,ERC-20,156844
OBB Token,Remove Liquidity,2.9.2023,Token,ERC-20,156063
Fake CRE Token Rugpull,Remove Liquidity,11.23.2023,Token,BEP-20,153603
Artificial intelligence robot,Remove Liquidity,11.16.2022,Token,ERC-20,152000
LK-99 Protocol Rugpull,Remove Liquidity,8.3.2023,Token,ERC-20,151735
GGBOND Rugpull,Remove Liquidity,8.11.2023,Token,ERC-20,150971
Llama Coin,Remove Liquidity,5.31.2022,Token,ERC-20,150620
DegenFox Token Rug Pull,Withdraw Tokens,4.4.2024,Token,ERC-20,150000
AI C-3PO Token Rug Pull,Remove Liquidity,7.11.2023,Token,ERC-20,150000
FlokiMoon,Remove Liquidity,5.31.2022,Token,ERC-20,148132
DDCX,Remove Liquidity,10.18.2022,Token,ERC-20,148019
LooBr Rugpull,Remove Liquidity,7.18.2023,Token,ERC-20,147439
Jar Jar Binks,Remove Liquidity,7.8.2023,Token,ERC-20,144881
mCoin,Remove Liquidity,6.27.2023,Token,ERC-20,143841
HPD,Remove Liquidity,9.19.2022,Token,ERC-20,142950
DHE,Pre-Minting Tokens,6.20.2022,Token,ERC-20,142000
Giant Divine Shield,Pre-Minting Tokens,9.15.2022,Gaming/Metaverse,BEP-20,140869
Walletreum,Owner Minting,11.15.2020,Borrowing and Lending,ERC-20,138340
Tin Finance,Exit Scam,1.30.2021,Yield Aggregator,BEP-20,137342
Kizuna AI Rugpull,Remove Liquidity,8.29.2023,Token,ERC-20,134863
Dark Light,Remove Liquidity,6.30.2022,Exchange (DEX),BEP-20,134120
CommEX Fake Token Rugpull,Remove Liquidity,10.6.2023,Token,ERC-20,134077
Script Token,Remove Liquidity,4.2.2023,Token,ERC-20,133857
MoveCash,Remove Liquidity,5.30.2023,Token,ERC-20,133215
World Cup,Exit Scam,8.23.2022,Token,ERC-20,131892
Kaonashi the Faceless Token Rug Pull,Remove Liquidity,7.23.2023,Token,ERC-20,131000
GST Token,Remove Liquidity,7.20.2022,Token,BEP-20,130943
YFFS Finance,Exit Scam,12.11.2020,Yield Aggregator,ERC-20,130000
XYearn,Remove Liquidity,10.19.2020,Gaming \ Metaverse,ERC-20,129526
Defi Safe,Remove Liquidity,11.7.2022,Token,ERC-20,127426
SSPF,Remove Liquidity,1.5.2023,Token,ERC-20,126000
Terk The Gorilla Rugpull,Remove Liquidity,7.26.2023,Token,ERC-20,122440
Elron Token,Remove Liquidity,7.15.2022,Token,ERC-20,122000
MoltenSwap,Withdraw Tokens,3.7.2021,Exchange (DEX),BEP-20,121994
Patex Rug Pull,Remove Liquidity,7.18.2023,Token,ERC-20,121600
Fake RPK Token Rugpull,Remove Liquidity,11.23.2023,Token,BEP-20,121445
PIPI Token Rugpull,Remove Liquidity,11.15.2023,Token,ERC-20,121373
DESTINY Protocol,Remove Liquidity,3.24.2023,Token,ERC-20,120800
Fake PAPA Token Rugpull,Remove Liquidity,11.23.2023,Token,BEP-20,120648
Trust Bridge,Remove Liquidity,11.20.2022,Token,ERC-20,120083
ACC Token,Exit Scam,6.5.2022,Token,ERC-20,120000
QMYX Token Rugpull,Remove Liquidity,12.1.2023,Token,ERC-20,119888
Snake Eyes Rugpull,Remove Liquidity,8.16.2023,Token,ERC-20,117292
ROT Token,Remove Liquidity,2.6.2023,Token,ERC-20,116150
Easier,Pre-Minting Tokens,10.5.2022,Token,ERC-20,115549
FOMO DAO,Exit Scam,6.4.2022,Other,ERC-20,114360
Yoda Coin,Remove Liquidity,5.4.2023,Token,ERC-20,114000
Stanley the Bugman Rugpull,Remove Liquidity,10.3.2023,Token,ERC-20,113758
CBC Token,Remove Liquidity,4.6.2023,Token,ERC-20,113002
Fake AISC Token Rugpull,Remove Liquidity,11.23.2023,Token,BEP-20,112050
Pervasive Information Community Organization,Remove Liquidity,4.7.2023,Token,ERC-20,112000
Dark Matter,Remove Liquidity,12.30.2020,Token,ERC-20,111637
Vice.Uno,Remove Liquidity,10.27.2020,Token,BEP-20,111467
FlokiChain,Remove Liquidity,10.11.2022,Token,ERC-20,111162
F*ck The Merge,Remove Liquidity,9.15.2022,Token,ERC-20,110383
ETE Token,Remove Liquidity,6.10.2023,Token,ERC-20,110000
NWN,Remove Liquidity,9.27.2022,Token,ERC-20,110000
Boring Nakas,Withdraw Tokens,6.30.2023,Token,ERC-20,108439
SPROUT Token Rugpull,Remove Liquidity,9.7.2023,Token,ERC-20,107982
Fake GIGS Token Rugpull,Remove Liquidity,11.23.2023,Token,BEP-20,107819
To the Moon Rugpull,Remove Liquidity,11.8.2023,Token,ERC-20,107464
JNB Token,Remove Liquidity,2.28.2023,Token,ERC-20,106497
Fake Mina Protocol Rugpull,Pre-Minting Tokens,10.25.2023,Token,ERC-20,106395
YZY DAO,Remove Liquidity,4.23.2021,Other,ERC-20,106315
Fake DFUND Token Rugpull,Remove Liquidity,11.23.2023,Token,BEP-20,105555
FDB,Remove Liquidity,10.15.2022,Token,ERC-20,103540
Philcoin,Withdraw Tokens,1.4.2023,Token,BEP-20,103000
DOR Token Rugpull,Remove Liquidity,11.21.2023,Token,BEP-20,102731
Yearn Machine Learning,Exit Scam,1.21.2021,Yield Aggregator,ERC-20,100367
KUKUCoin Rugpull,Remove Liquidity,8.13.2023,Token,ERC-20,100335
POOPEPE token,Remove Liquidity,5.26.2023,Token,ERC-20,100000
XCAD,Remove Liquidity,4.11.2023,Token,ERC-20,100000
SUI Token,Remove Liquidity,2.6.2023,Token,ERC-20,100000
Ranger,Remove Liquidity,11.15.2022,Token,ERC-20,100000
DMD Rugpull,Remove Liquidity,7.16.2023,Token,ERC-20,99385
Frontfanz Rugpull,Remove Liquidity,8.19.2023,Token,ERC-20,98302
Aphrodite Protocol,Remove Liquidity,1.29.2021,Other,ERC-20,97147
GN Token Rugpull,Remove Liquidity,5.4.2023,Token,ERC-20,96097
OBB,Remove Liquidity,4.2.2023,Token,ERC-20,96000
Pepe Coin,Remove Liquidity,4.19.2023,Token,ERC-20,95000
OkayLetsGo,Remove Liquidity,6.9.2023,Token,ERC-20,94226
APE Token Rugpull,Remove Liquidity,7.26.2022,Token,ERC-20,94216
Marvel Metauniverse,Exit Scam,8.28.2022,Token,ERC-20,93746
Sloth Climb,Remove Liquidity,3.18.2023,Token,BEP-20,93531
Nifity,Remove Liquidity,1.22.2021,Token,ERC-20,93410
TRT,Remove Liquidity,4.5.2023,Token,ERC-20,93000
Dividend Token,Pre-Minting Tokens,11.24.2020,Token,ERC-20,92360
Cryptos Tribe,Pre-Minting Tokens,7.27.2022,Token,ERC-20,91023
GDAO,Remove Liquidity,10.28.2022,Token,ERC-20,90302
Cashera,Pre-Minting Tokens,5.8.2022,Token,ERC-20,90000
BuiLDerS Token Rugpull,Remove Liquidity,11.14.2023,Token,ERC-20,89296
Towelie (TOWELIE) Rugpull,Remove Liquidity,8.23.2023,Token,ERC-20,88861
Ninja Gaiden Token Rugpull,Remove Liquidity,10.2.2023,Token,ERC-20,88794
AI DAY: Part 2,Remove Liquidity,8.8.2022,Token,ERC-20,88736
NFDAO,Remove Liquidity,6.5.2023,Token,ERC-20,88420
DerpMan,Remove Liquidity,5.9.2023,Token,ERC-20,88123
China rabbit,Remove Liquidity,1.15.2023,Token,BEP-20,88000
ISharesBitcoin Token Rugpull,External call threat,10.26.2023,Token,ERC-20,87947
EXPSO Token Rugpull,Remove Liquidity,11.27.2023,Token,ERC-20,87558
Move token,Remove Liquidity,4.16.2023,Token,ERC-20,87000
Galaxy Coin,Remove Liquidity,8.29.2022,Token,ERC-20,84535
Rapter2,Remove Liquidity,2.21.2022,Token,ERC-20,83960
CBDAO,Owner Minting,10.9.2020,Other,ERC-20,83884
Fake ACC Token Rugpull,Remove Liquidity,11.28.2023,Token,ERC-20,83874
2049 Token Rugpull,External call threat,10.12.2023,Token,ERC-20,82471
TITANX Fake Token Rugpull,Remove Liquidity,10.30.2023,Token,ERC-20,82238
NeedForSpeed Finance,Remove Liquidity,4.27.2021,Yield Aggregator,ERC-20,82091
ChainGPT (fake),Remove Liquidity,4.12.2023,Token,ERC-20,82000
Finance (ARKEN),Remove Liquidity,3.27.2023,Token,ERC-20,81000
COINPANDA Token Rugpull,Remove Liquidity,12.3.2023,Token,ERC-20,80554
MEMEPAD Fake Token Rugpull,Pre-Minting Tokens,10.30.2023,Token,ERC-20,80372
BABYFIDO Token Rugpull,Remove Liquidity,11.14.2023,Token,ERC-20,79306
Memecoin Fake Token Rugpull,Remove Liquidity,10.30.2023,Token,ERC-20,79157
Zodiac Credit,Remove Liquidity,4.9.2023,Token,ERC-20,77000
Star Swap,Hidden Mint,11.6.2020,Exchange (DEX),ERC-20,76654
Sakura DeFi,Exit Scam,2.14.2021,Borrowing and Lending,ERC-20,76480
ZUCK Rug Pull,Remove Liquidity,7.7.2023,Token,ERC-20,76000
Fake CMERGE Token Rugpull,Remove Liquidity,2.8.2023,Token,BEP-20,75887
Doodle Monkey,Withdraw Tokens,3.23.2022,NFT,ERC-721,75555
Bio Farm,Remove Liquidity,1.13.2021,Other,ERC-20,73244
Exvault Finance,Exit Scam,10.25.2020,Token,ERC-20,73167
Hepton token,Remove Liquidity,4.15.2023,Token,ERC-20,73000
ORDEX Token Rugpull,Remove Liquidity,12.25.2023,Token,ERC-20,72848
Julia Token Rugpull,Pre-Minting Tokens,10.23.2023,Token,ERC-20,72474
YFFC,Owner Minting,11.6.2020,Yield Aggregator,ERC-20,72446
BNQ,Withdraw Tokens,3.26.2023,Token,ERC-20,72000
Solid Protocol,Remove Liquidity,12.19.2020,Exchange (DEX),ERC-20,71555
TSUKA,Remove Liquidity,9.15.2022,Token,BEP-20,70755
UniTarget,Remove Liquidity,12.25.2020,Token,ERC-20,70732
NovaMind Exit Scm,Remove Liquidity,5.2.2024,Token,ERC-20,70000
BabyShiba2.0 on BNB Chain Rug Pull,Remove Liquidity,8.7.2023,Token,ERC-20,70000
Arbitrum token (fake),Remove Liquidity,4.1.2023,Token,ERC-20,70000
BTC-por BTC-POR,Remove Liquidity,11.29.2022,Token,ERC-20,70000
Theory Craft Fames,Remove Liquidity,4.11.2023,Token,ERC-20,69000
Dogecoin 3.0,Remove Liquidity,7.1.2023,Token,ERC-20,67971
BabyShia Rugpull,Remove Liquidity,8.30.2023,Token,ERC-20,67569
LightLink token,Remove Liquidity,3.18.2023,Token,ERC-20,65000
Dogioh,Owner Minting,8.22.2022,NFT,ERC-20,65000
Deez Nuts Rugpull,Remove Liquidity,8.9.2023,Token,ERC-20,64044
JWL Token Rugpull,Remove Liquidity,11.24.2023,Token,ERC-20,63794
Kosta Finance,Pre-Minting Tokens,11.24.2020,Token,ERC-20,63376
GUIDO The Mechanics,Remove Liquidity,6.17.2023,Token,ERC-20,62695
Meta Magic Coin,Remove Liquidity,9.2.2022,Token,ERC-20,62224
Genswap dex exploit,Balance Manipulation,8.30.2023,Token,ERC-20,62000
ETX Infinity,Remove Liquidity,1.15.2023,Token,ERC-20,62000
STRONG Token Rugpull,Remove Liquidity,12.6.2023,Token,ERC-20,61081
YFDash,Exit Scam,12.14.2020,StableCoin,ERC-20,61000
A6 Token,Remove Liquidity,10.23.2022,Token,ERC-20,60852
Beamsplittr,Hidden Mint,6.27.2023,Token,ERC-20,60824
HLG,Remove Liquidity,10.28.2022,Token,ERC-20,60785
Carillonium,Pre-Minting Tokens,9.1.2022,Token,ERC-20,59172
Rise Protocol,Remove Liquidity,3.11.2021,Yield Aggregator,ERC-20,59164
RIFT Token,Remove Liquidity,12.31.2020,Token,ERC-20,59040
Arbitrum (fake),Remove Liquidity,3.23.2023,Token,BEP-20,59000
Fake OFN Token Rugpull,external call threat,10.19.2023,Token,ERC-20,58644
SSPF,Remove Liquidity,9.24.2022,Token,ERC-20,58448
TPAD Fake Token Rugpull,Remove Liquidity,11.23.2023,Token,BEP-20,56329
Poz Finance,Exit Scam,1.22.2021,Yield Aggregator,ERC-20,56292
Fake SQUIDGAME Token Rugpull,Remove Liquidity,11.24.2023,Token,ERC-20,55539
PIKE Token Rugpull,Remove Liquidity,12.26.2023,Token,ERC-20,55233
Nody,Pre-Minting Tokens,7.2.2022,Other,ERC-20,54559
BNBpay Rugpull,Remove Liquidity,9.21.2023,Token,ERC-20,53973
SHADE INU Token,Pre-Minting Tokens,7.6.2022,Token,BEP-20,53761
Fake Symbiogenesis Token,Remove Liquidity,11.28.2023,Token,ERC-20,53639
StarMan,Pre-Minting Tokens,6.2.2022,Token,ERC-20,53460
EspressoBot Rugpull,Remove Liquidity,8.31.2023,Token,ERC-20,53110
GEMDAO,Exit Scam,8.14.2022,Token,BEP-20,53000
BabyElon,Remove Liquidity,6.8.2022,Token,ERC-20,52852
Fake KEK Token Rugpull,Remove Liquidity,12.6.2023,Token,ERC-20,52351
AORcoin Rugpull,Remove Liquidity,7.22.2023,Token,ERC-20,51693
CornERChain,Remove Liquidity,9.6.2022,Token,ERC-20,51411
LV Metaverse (2),Remove Liquidity,6.28.2022,Exchange (DEX),BEP-20,50625
AGD,Remove Liquidity,3.27.2023,Token,ERC-20,50000
BAT Token,Remove Liquidity,6.16.2023,Token,ERC-20,49001
e-STD,Pre-Minting Tokens,9.27.2022,Token,ERC-20,49000
Rapid Set Dollar,Owner Minting,12.26.2020,StableCoin,ERC-20,47505
Magic,Owner Minting,5.26.2022,Other,ERC-20,47315
BWR,Remove Liquidity,3.29.2023,Token,ERC-20,47000
Prophet Project,Remove Liquidity,12.18.2020,Token,ERC-20,46356
One For The Books Rugpull,Remove Liquidity,8.2.2023,Token,ERC-20,46150
HashFree,Pre-Minting Tokens,8.13.2022,Token,BEP-20,46000
Hunter doge,Remove Liquidity,9.17.2022,Token,ERC-20,45978
Sirius Token,Remove Liquidity,9.22.2022,Token,ERC-20,44963
ElonMVP,Remove Liquidity,7.13.2022,Token,ERC-20,44371
NFT Cross Chain,Exit Scam,8.25.2022,NFT,BEP-20,44052
EC token (EC),Remove Liquidity,3.24.2023,Token,ERC-20,43800
Chain GPT,Remove Liquidity,3.18.2023,Token,ERC-20,43400
Greatest Of All Time (GOAT),Remove Liquidity,6.20.2023,Token,ERC-20,43100
HarryPotterObamaJustinHuobiSun Rugpull,Remove Liquidity,8.23.2023,Token,ERC-20,42696
MOON Token,Remove Liquidity,2.10.2023,Token,BEP-20,42117
Liquid Core,Remove Liquidity,10.29.2020,Token,ERC-20,42099
Coin token Rug Pull,Remove Liquidity,8.6.2023,Token,ERC-20,42000
iProtocol,Hidden Mint,12.21.2020,Other,ERC-20,41930
Midgets Token,Withdraw Tokens,6.14.2023,Token,ERC-721,40842
Mango Inu,Remove Liquidity,10.20.2022,Token,ERC-20,40384
MotherOfAllMemes Rug Pull,Remove Liquidity,8.4.2023,Token,ERC-20,40000
PCORE,Remove Liquidity,4.7.2023,Token,ERC-20,40000
Lottery Swap,Remove Liquidity,11.7.2022,Token,ERC-20,40000
Block Chain Games,Owner Minting,3.13.2023,Token,BEP-20,39686
EDAO,Pre-Minting Tokens,3.25.2023,Token,ERC-20,39300
Fake DRAC Token Rugpull,Remove Liquidity,10.31.2023,Token,BEP-20,38349
RAIDEN GOD Thunder Rugpull,Remove Liquidity,7.29.2023,Token,ERC-20,37977
Mars Farm,Remove Liquidity,3.4.2021,Borrowing and Lending,BEP-20,37645
LGF Token Rugpull,Remove Liquidity,10.4.2022,Token,ERC-20,37265
BitPaid,Remove Liquidity,5.13.2023,Token,BEP-20,37140
ANT Token,Remove Liquidity,4.17.2023,Token,ERC-20,36496
Orbit Swap,Remove Liquidity,2.8.2021,Token,BEP-20,36441
Bitcoin BSC Rugpull,Remove Liquidity,10.10.2023,Token,BEP-20,35813
Solv3 network,Remove Liquidity,12.2.2020,Token,ERC-20,35643
Cryptoger Club,Remove Liquidity,3.5.2023,NFT,BEP-20,35364
SAUDI Token,Remove Liquidity,6.7.2023,Token,ERC-20,35331
LGT,Remove Liquidity,10.12.2022,Token,ERC-20,35230
Skate Metaverse,Pre-Minting Tokens,6.29.2022,Token,ERC-20,34721
Hype Bet,Remove Liquidity,11.29.2020,Token,ERC-20,34703
DG,Remove Liquidity,3.28.2023,Token,ERC-20,34500
Void.Cash,Remove Liquidity,4.23.2023,Token,ERC-20,34148
Holy Trinity,Remove Liquidity,1.18.2021,Other,ERC-20,34122
lwr token,Remove Liquidity,4.12.2023,Token,ERC-20,34000
Akilnu Token,Remove Liquidity,2.8.2023,Token,ERC-20,34000
Yearnspace,Owner Minting,12.1.2020,Yield Aggregator,ERC-20,33988
Loop X Network,Exit Scam,7.19.2022,Token,ERC-20,33902
MinterPro,Owner Minting,1.9.2021,Other,BEP-20,33821
FREN Token Rugpull,Remove Liquidity,7.10.2023,Token,ERC-20,33768
Kickboxer tate,Remove Liquidity,5.4.2023,Token,ERC-20,33179
Zodiac Credit,Remove Liquidity,2.6.2023,Token,ERC-20,33000
SpaceID,Remove Liquidity,3.19.2023,Token,ERC-20,33000
KHABY Fan Token,Remove Liquidity,10.12.2022,Token,BEP-20,32814
MTI Finance,Owner Minting,11.19.2020,Token,ERC-20,32065
Reaper Finance,Pre-Minting Tokens,12.7.2020,Yield Aggregator,ERC-20,31237
WOLF Protocol,Balance Manipulation,1.23.2021,Yield Aggregator,ERC-20,30022
APPLE,Remove Liquidity,3.19.2023,Token,ERC-20,30000
DOXED,Remove Liquidity,2.5.2023,Token,ERC-20,30000
Unidark,Withdraw Tokens,10.8.2020,Other,ERC-20,29887
DiceSwap,Withdraw Tokens,3.10.2021,Exchange (DEX),BEP-20,29780
RETAWATCH,Remove Liquidity,7.13.2022,Other,BEP-20,29069
Yzer Token Rugpull,Remove Liquidity,9.21.2023,Token,ERC-20,28960
Dragonswap,Exit Scam,3.16.2021,Exchange (DEX),BEP-20,28710
Mojo Jojo Token Rug Pull,Remove Liquidity,7.18.2023,Token,ERC-20,28000
Web3Memes,Remove Liquidity,2.23.2022,NFT,BEP-20,27699
QWCF,Exit Scam,8.29.2022,Token,ERC-20,27000
Zenith Finance,Exit Scam,11.28.2020,Other,ERC-20,26354
SCAT,Exit Scam,11.10.2022,Token,BEP-20,26081
Dreams Come True,Remove Liquidity,2.6.2023,Token,BEP-20,26000
WinPlay,Remove Liquidity,9.17.2020,Gaming/Metaverse,ERC-20,25773
CredixFinance Rugpull,Remove Liquidity,11.21.2023,Token,ERC-20,25564
Saxon James Musk,Remove Liquidity,8.7.2022,Token,ERC-20,25500
Horizon Finance,Remove Liquidity,3.18.2021,Other,BEP-20,25287
PDR,Remove Liquidity,8.21.2022,Token,ERC-20,25278
SafeMoonX Rugpull,Remove Liquidity,7.26.2023,Token,ERC-20,25018
Verify,Exit Scam,6.8.2022,Other,ERC-20,25000
Static,Remove Liquidity,4.30.2021,Yield Aggregator,ERC-20,24143
Fake Symbiosis Rugpull,Remove Liquidity,8.29.2023,Token,ERC-20,23725
Pacific Protocol,Remove Liquidity,1.1.2021,Yield Aggregator,ERC-20,23531
LoveRCKT Token Rugpull,Remove Liquidity,10.31.2023,Token,ERC-20,23439
Game Swap Exchange,Hidden Mint,1.24.2021,Token,ERC-20,22796
Boost,Remove Liquidity,12.26.2020,Token,ERC-20,22680
DOGETAMA Token Rugpull,Remove Liquidity,5.4.2022,Token,ERC-20,22041
Space X Copycat,Remove Liquidity,6.13.2023,Token,ERC-20,21516
Rubick Finance,Owner Minting,11.20.2020,Yield Aggregator,ERC-20,20685
CatDog,Remove Liquidity,2.1.2021,Token,ERC-20,20225
KoiSwap,Remove Liquidity,3.9.2021,Exchange (DEX),BEP-20,19950
Thunder Finance,Remove Liquidity,3.4.2021,Exchange (DEX),BEP-20,18558
Peace doge X,Remove Liquidity,3.6.2022,Token,BEP-20,18144
Neoteric Finance,Remove Liquidity,7.16.2022,Token,ERC-20,17304
Dipex,Balance Manipulation,1.9.2021,Exchange (DEX),ERC-20,16957
Bank Protocol,Exit Scam,12.23.2020,Borrowing and Lending,ERC-20,16867
True Seigniorage Dollar,Owner Minting,3.12.2021,StableCoin,ERC-20,16644
Foxi.finance,Hidden Mint,11.17.2020,Token,ERC-20,15513
ArcadeEarn,Remove Liquidity,8.26.2022,Token,ERC-20,15368
Raichu Thunderstone Rugpull,Remove Liquidity,9.30.2023,Token,ERC-20,14964
Slicer Finance,Owner Minting,1.1.2021,NFT,ERC-20,14346
Robot Shib,Remove Liquidity,8.25.2022,Token,BEP-20,14100
DeriTrade Rugpull,Remove Liquidity,8.2.2023,StableCoin,ERC-20,13411
Twerk Finance,Owner Minting,12.3.2020,Token,ERC-20,13140
Hypechill fund,Owner Minting,11.27.2020,Token,ERC-20,12910
Tranquility Defi,Remove Liquidity,2.8.2021,Yield Aggregator,ERC-20,12702
ChaddyFinance,Remove Liquidity,3.7.2021,Yield Aggregator,ERC-20,12524
RFbtc,Remove Liquidity,4.11.2021,Token,ERC-20,11874
GMT,Pre-Minting Tokens,8.26.2022,Token,ERC-20,11825
Fractal Defi,Remove Liquidity,1.16.2021,Other,ERC-20,11678
John Lennon C0IN Rugpull,Pre-Minting Tokens,1.23.2024,Token,ERC-20,11336
SAV3R,Hidden Mint,11.17.2020,Token,ERC-20,10423
Bing Swap,Exit Scam,4.3.2021,Yield Aggregator,BEP-20,10239
The Onigiri Neko project scam,Withdraw Tokens,7.9.2023,Token,ERC-20,10000
SuperMarioBros,Hidden Mint,10.23.2020,Other,ERC-20,9669
Focus,Remove Liquidity,2.28.2021,Token,ERC-20,9555
Mantle,Remove Liquidity,3.21.2021,Token,ERC-20,9507
Reflation,Hidden Mint,12.14.2020,Token,ERC-20,8987
Mocha Set Dollar,Remove Liquidity,1.3.2021,StableCoin,ERC-20,8780
Sloth Inu,Remove Liquidity,11.25.2021,Token,ERC-20,8228
Relay3rV1,Remove Liquidity,11.11.2020,Token,ERC-20,8222
CYBER SOLIDITY,Remove Liquidity,11.14.2020,Token,ERC-20,7823
Metropolis.finance,Hidden Mint,12.25.2020,Token,ERC-20,7805
BabyDAO,Remove Liquidity,7.6.2022,Other,ERC-20,7602
Rfyield Finance,Remove Liquidity,2.2.2021,Yield Aggregator,ERC-20,7193
Ella,Withdraw Tokens,11.24.2020,Token,ERC-20,6497
Ohohoh.io,Remove Liquidity,1.5.2021,Gaming/Metaverse,ERC-20,6460
UnlimitedBase Finance,Hidden Mint,12.15.2020,Yield Aggregator,ERC-20,6283
Foxy.farm,Owner Minting,10.20.2020,NFT,ERC-20,6154
CREW,Exit Scam,12.12.2020,Other,ERC-20,6105
Rotex,Hidden Mint,11.21.2020,Token,ERC-20,4804
Jointventure Finance,Hidden Mint,1.13.2021,Token,ERC-20,4443
ShabuVault,Owner Minting,11.4.2020,Token,ERC-20,4357
Overbase Finance,Hidden Mint,12.18.2020,Token,ERC-20,4275
FutureBase.Finance,Hidden Mint,12.22.2020,Token,ERC-20,4272
PUMP,Remove Liquidity,1.5.2021,Token,ERC-20,4144
Groot.finance,Hidden Mint,11.2.2020,Token,ERC-20,4049
GrowBase Finance,Hidden Mint,12.31.2020,Token,ERC-20,4025
BInary Protocol,Hidden Mint,1.29.2021,Exchange (DEX),ERC-20,3924
Contribute Protocol,Remove Liquidity,3.10.2021,Token,ERC-20,3919
Delicacy DeFi,Remove Liquidity,6.3.2021,Exchange (DEX),BEP-20,3725
iBLUE,Remove Liquidity,1.6.2021,Token,ERC-20,3470
Reflect3 Finance,Remove Liquidity,1.28.2021,Token,ERC-20,3294
Deriswap (the 2nd fake),Remove Liquidity,12.17.2020,StableCoin,ERC-20,3262
Deriswap (the 1st fake),Remove Liquidity,11.23.2020,StableCoin,ERC-20,2170264
TRBAS3,Hidden Mint,12.14.2020,Token,ERC-20,3176
Vegetables Finance,Owner Minting,10.5.2020,Token,ERC-20,2652
burn12,Remove Liquidity,1.1.2021,Token,ERC-20,2545
K3psav.Finance,Hidden Mint,12.19.2020,Token,ERC-20,2512
x20 finance,Owner Minting,11.17.2020,Token,ERC-20,2501
Devilishburning Farm,Remove Liquidity,11.6.2020,Token,ERC-20,2329
Gh1z.finance,Hidden Mint,11.24.2020,Token,ERC-20,2137
Keep3rX.finance,Hidden Mint,11.5.2020,Token,BEP-20,1813
Mother of All Ponzis,Remove Liquidity,12.23.2020,Token,ERC-20,1336
L4CK,Remove Liquidity,12.26.2020,Token,ERC-20,1321
Bloody Finance,Hidden Mint,11.5.2020,Token,ERC-20,1289
Ba5ic finance,Hidden Mint,12.2.2020,Token,ERC-20,1055
"Maxliq,ml",Exit Scam,11.25.2020,Token,ERC-20,898
Farmland Network,Hidden Mint,12.7.2020,Yield Aggregator,ERC-20,892
Enjo,Remove Liquidity,11.28.2020,Token,ERC-20,762
CAP5,Remove Liquidity,11.8.2020,Token,ERC-20,760
Potatos Finance,Remove Liquidity,12.17.2020,Token,BEP-20,569
Waronrug degen token,Remove Liquidity,12.5.2020,Token,ERC-20,555
SAILSAN,Remove Liquidity,11.10.2020,Token,ERC-20,426
GoldenFarm,Remove Liquidity,12.7.2020,Token,BEP-20,396
Dswap,Remove Liquidity,11.10.2020,Exchange (DEX),ERC-20,330
UNIYSWAP,Exit Scam,10.19.2021,Exchange (DEX),ERC-20,0
Hatch DAO,Owner Minting,10.11.2020,Other,ERC-20,0
